category_name,sort_order,milestone_name,description,typical_start_months,typical_end_months,flag_at_months,flag_severity,flag_message,source,source_url,slp_notes
Receptive Language,1,Startles to sound,"Reacts to loud sounds by startling, blinking, or crying",0,1,3,concern,"Your baby doesn't seem to react to loud sounds yet. This is worth mentioning at your next visit — it's one of the earliest signs of hearing we look for.",ASHA,https://www.asha.org/public/speech/development/communicative-milestones/,Check hearing first before assuming language delay
Receptive Language,2,Turns toward voices,"Turns head or eyes toward familiar voices and sounds",2,4,5,concern,"Most babies turn toward familiar voices by 4 months. If your baby isn't doing this, let your pediatrician know — a hearing check is a good first step.",ASHA,https://www.asha.org/public/speech/development/communicative-milestones/,
Receptive Language,3,Responds to name,Turns or looks when their name is called,6,9,12,concern,"Responding to name by 9 months is an important social-communication milestone. If this isn't happening consistently yet, mention it at the 12-month visit.",CDC,https://www.cdc.gov/ncbddd/actearly/milestones/index.html,Also a key autism screen item (M-CHAT)
Receptive Language,4,Understands 'no',Pauses or looks up when told 'no',9,12,15,watch,"Understanding simple words like 'no' usually happens around 9–12 months. Keep tracking — if it's not emerging by 15 months, bring it up with your pediatrician.",CDC,https://www.cdc.gov/ncbddd/actearly/milestones/index.html,
Receptive Language,5,Follows one-step directions without gesture,"Follows simple instructions like 'give me the ball' without you pointing",12,18,18,concern,"Following simple directions (without pointing) by 18 months is a key language milestone. If this isn't happening, an early speech-language evaluation can help identify any support needed.",ASHA,https://www.asha.org/public/speech/development/communicative-milestones/,
Receptive Language,6,Points to body parts when named,"Points to eyes, nose, ears when asked",15,21,24,watch,"Most children can point to at least 1–2 body parts by 18 months. If this isn't emerging, it's worth tracking carefully through the 2-year visit.",CDC,https://www.cdc.gov/ncbddd/actearly/milestones/index.html,
Receptive Language,7,Understands two-step related directions,"Follows two-step directions like 'pick up the cup and give it to me'",24,30,30,concern,"Understanding two-step directions by 24 months is expected. If this is difficult, a speech-language evaluation is recommended.",ASHA,https://www.asha.org/public/speech/development/communicative-milestones/,
Expressive Language,1,Cooing,Produces vowel sounds like 'ooh' and 'aah',1,3,4,watch,"Most babies start cooing by 2–3 months. If your baby isn't making any vowel sounds yet, it's worth noting at the next checkup.",ASHA,https://www.asha.org/public/speech/development/communicative-milestones/,
Expressive Language,2,Laughs,Produces a clear laugh,3,5,6,watch,"Laughing usually emerges around 4 months. If your baby isn't laughing or vocalizing socially, let your pediatrician know.",CDC,https://www.cdc.gov/ncbddd/actearly/milestones/index.html,
Expressive Language,3,Babbling (consonant sounds),"Babbles with consonant sounds like 'ba', 'ma', 'da'",5,8,9,concern,"Babbling with consonant sounds should be emerging by 6–7 months. No babbling by 9 months is a red flag for both hearing and speech development — request a hearing test if not already done.",ASHA,https://www.asha.org/public/speech/development/communicative-milestones/,No babbling by 9 months = refer for hearing eval + SLP
Expressive Language,4,First words,"Uses 1–2 words meaningfully (beyond 'mama' and 'dada' as labels)",10,14,16,concern,"Most children say their first word by 12 months. If no meaningful words have appeared by 16 months, an early speech evaluation is recommended — earlier is always better.",ASHA,https://www.asha.org/public/speech/development/communicative-milestones/,
Expressive Language,5,Uses 'mama' and 'dada' specifically,"Says 'mama' or 'dada' referring to the correct parent",10,12,15,watch,"Using 'mama' and 'dada' as real labels (not just sounds) usually happens by 12 months. If this isn't happening by 15 months, mention it at the next visit.",CDC,https://www.cdc.gov/ncbddd/actearly/milestones/index.html,
Expressive Language,6,10+ words,Has a vocabulary of at least 10 words,16,20,18,concern,"A vocabulary of at least 10 words by 18 months is a key milestone. If your child has fewer than 10 words, a speech-language evaluation is recommended. Research shows early support leads to significantly better outcomes.",ASHA,https://www.asha.org/public/speech/development/communicative-milestones/,This is a primary EI referral trigger
Expressive Language,7,50+ words,Has a vocabulary of at least 50 words,18,24,24,concern,"50 words by 24 months is a well-established milestone. If vocabulary is significantly below this, a speech-language evaluation is important.",ASHA,https://www.asha.org/public/speech/development/communicative-milestones/,
Expressive Language,8,Word combinations,Combines two words together (e.g. 'more milk' 'daddy go'),18,24,24,concern,"Combining two words by 24 months is expected. If your child isn't doing this yet, a speech evaluation is the right next step.",CDC,https://www.cdc.gov/ncbddd/actearly/milestones/index.html,
Expressive Language,9,Three-word phrases,Uses three-word phrases regularly,24,36,36,watch,"Three-word phrases typically emerge between 24–36 months. If language is notably less complex than this by age 3, mention it to your pediatrician.",ASHA,https://www.asha.org/public/speech/development/communicative-milestones/,
Social Communication,1,Social smile,Smiles in response to familiar faces and voices,1,3,3,concern,"A social smile (smiling back at you) usually appears by 2 months. If your baby isn't smiling responsively by 3 months, it's worth bringing up at the next visit.",CDC,https://www.cdc.gov/ncbddd/actearly/milestones/index.html,Also an autism screening item
Social Communication,2,Eye contact,Makes and holds eye contact during interactions,0,3,4,concern,"Good eye contact is foundational for communication development. If your baby rarely makes eye contact by 3–4 months, mention it at the next checkup.",ASHA,https://www.asha.org/public/speech/development/communicative-milestones/,Key autism screening item — handle messaging carefully
Social Communication,3,Back-and-forth vocalization,"Takes 'turns' vocalizing — you talk, baby responds with sounds",3,6,7,watch,"Back-and-forth sound exchanges (the early version of conversation) should be emerging by 4–6 months. If your baby doesn't engage in vocal back-and-forth, note it for the 6-month visit.",ASHA,https://www.asha.org/public/speech/development/communicative-milestones/,
Social Communication,4,Joint attention — following a point,"Looks where you're pointing to see what you're showing them",9,12,14,concern,"Following a point to see what someone is showing you (called joint attention) is a critical early communication skill. If this isn't happening by 12–14 months, a developmental evaluation is recommended.",ASHA,https://www.asha.org/public/speech/development/communicative-milestones/,Major autism screening item — be careful with wording
Social Communication,5,Pointing to show interest,"Points at things to share them with you (not just to request)",10,14,16,concern,"Pointing to share interest ('look at that!') is one of the most important early social-communication skills. If this isn't happening by 14–16 months, a developmental evaluation is recommended.",ASHA,https://www.asha.org/public/speech/development/communicative-milestones/,M-CHAT item — autism screening relevance; avoid alarming language
Social Communication,6,Waves bye-bye spontaneously,Waves goodbye when someone is leaving,9,12,14,watch,"Spontaneous waving (not just when prompted every time) typically emerges by 12 months. If your child isn't waving yet, note it for the 12-month visit.",CDC,https://www.cdc.gov/ncbddd/actearly/milestones/index.html,
Social Communication,7,Imitates actions and sounds,"Copies simple actions and sounds you make",9,14,15,concern,"Imitating actions and sounds is how babies learn — it's also a key social-communication milestone. If imitation is absent by 15 months, mention it at the next visit.",ASHA,https://www.asha.org/public/speech/development/communicative-milestones/,
Social Communication,8,Engages in pretend play,"Uses objects symbolically in play (feeds doll, talks on toy phone)",18,24,30,watch,"Simple pretend play typically starts around 18–24 months. If play is still very concrete and repetitive by 30 months, it's worth discussing with your pediatrician.",ASHA,https://www.asha.org/public/speech/development/communicative-milestones/,
Speech Sounds,1,Variety of consonant sounds in babble,"Uses a range of consonant sounds (b m p d g k)",6,10,10,watch,"A variety of consonant sounds in babble should be emerging by 6–8 months. Limited consonant variety by 10 months is worth noting.",ASHA,https://www.asha.org/public/speech/development/communicative-milestones/,
Speech Sounds,2,Words mostly understood by familiar listeners,Primary caregivers understand most of what child says,18,24,24,watch,"Parents and familiar people should understand most of what a 2-year-old says. If speech is frequently unclear even to you, a speech evaluation is helpful.",ASHA,https://www.asha.org/public/speech/development/communicative-milestones/,
Speech Sounds,3,Words mostly understood by unfamiliar listeners,Strangers can understand most of what child says,30,36,36,concern,"By age 3, most of what a child says should be understandable to unfamiliar listeners. If speech is hard for others to understand, a speech-language evaluation is recommended.",ASHA,https://www.asha.org/public/speech/development/communicative-milestones/,
